{"beta_0":-81.058846, "beta_1":3.0623674}