{
"beta_0":-1.6790920916105336,
"beta_1":2.1170158799600034
}