{
"beta_0":-8.227900743654919,
"beta_1":3.079141892032247
}