{
"beta_0":-8.276422751267342,
"beta_1":3.0863573136335605
}